Datetime,Water Level (m)
2025-06-19 18:00:00,0.41193554
2025-06-19 19:00:00,0.23845042
2025-06-19 20:00:00,0.07818449
2025-06-19 21:00:00,-0.045985892
2025-06-19 22:00:00,-0.054230954
2025-06-19 23:00:00,0.09992629
2025-06-20 00:00:00,0.28228483
2025-06-20 01:00:00,0.49468112
2025-06-20 02:00:00,0.7161778
2025-06-20 03:00:00,0.8627413
2025-06-20 04:00:00,0.8837014
2025-06-20 05:00:00,0.76054436
2025-06-20 06:00:00,0.61427844
2025-06-20 07:00:00,0.44980845
2025-06-20 08:00:00,0.29269546
2025-06-20 09:00:00,0.17130694
2025-06-20 10:00:00,0.1468095
2025-06-20 11:00:00,0.27383497
2025-06-20 12:00:00,0.43292442
2025-06-20 13:00:00,0.61421007
2025-06-20 14:00:00,0.8041728
2025-06-20 15:00:00,0.9106438
2025-06-20 16:00:00,0.9100312
2025-06-20 17:00:00,0.76999795
2025-06-20 18:00:00,0.61129415
2025-06-20 19:00:00,0.43143424
2025-06-20 20:00:00,0.25384817
2025-06-20 21:00:00,0.089762986
2025-06-20 22:00:00,-0.042344835
2025-06-20 23:00:00,-0.065885335
2025-06-21 00:00:00,0.084285624
2025-06-21 01:00:00,0.27397218
2025-06-21 02:00:00,0.49384135
2025-06-21 03:00:00,0.73039323
2025-06-21 04:00:00,0.8936168
2025-06-21 05:00:00,0.942111
2025-06-21 06:00:00,0.82830817
2025-06-21 07:00:00,0.6791667
2025-06-21 08:00:00,0.5099741
2025-06-21 09:00:00,0.3403967
2025-06-21 10:00:00,0.19216216
2025-06-21 11:00:00,0.10163068
2025-06-21 12:00:00,0.17184989
2025-06-21 13:00:00,0.3409677
2025-06-21 14:00:00,0.53777516
2025-06-21 15:00:00,0.7498085
2025-06-21 16:00:00,0.8930208
2025-06-21 17:00:00,0.90509236
2025-06-21 18:00:00,0.7726524
2025-06-21 19:00:00,0.6193022
2025-06-21 20:00:00,0.44192308
2025-06-21 21:00:00,0.26499224
2025-06-21 22:00:00,0.09979003
2025-06-21 23:00:00,-0.03481319
2025-06-22 00:00:00,-0.067292795
2025-06-22 01:00:00,0.08821652
2025-06-22 02:00:00,0.2943437
2025-06-22 03:00:00,0.5413903
2025-06-22 04:00:00,0.80052775
2025-06-22 05:00:00,0.9807065
2025-06-22 06:00:00,1.0383916
2025-06-22 07:00:00,0.9217488
2025-06-22 08:00:00,0.76182956
2025-06-22 09:00:00,0.5836695
2025-06-22 10:00:00,0.4020256
2025-06-22 11:00:00,0.23903863
2025-06-22 12:00:00,0.11706762
2025-06-22 13:00:00,0.12270463
2025-06-22 14:00:00,0.2911084
2025-06-22 15:00:00,0.48464757
2025-06-22 16:00:00,0.69957113
2025-06-22 17:00:00,0.8726404
2025-06-22 18:00:00,0.92480004
2025-06-22 19:00:00,0.8087812
2025-06-22 20:00:00,0.6558889
2025-06-22 21:00:00,0.48035696
2025-06-22 22:00:00,0.2995393
2025-06-22 23:00:00,0.12685181
2025-06-23 00:00:00,-0.012138993
2025-06-23 01:00:00,-0.049404718
2025-06-23 02:00:00,0.12249216
2025-06-23 03:00:00,0.34302762
2025-06-23 04:00:00,0.6160312
2025-06-23 05:00:00,0.88990855
2025-06-23 06:00:00,1.0874196
2025-06-23 07:00:00,1.1624155
2025-06-23 08:00:00,1.0477988
2025-06-23 09:00:00,0.87795806
2025-06-23 10:00:00,0.68925107
2025-06-23 11:00:00,0.4964349
2025-06-23 12:00:00,0.32053128
2025-06-23 13:00:00,0.18134993
2025-06-23 14:00:00,0.16040589
2025-06-23 15:00:00,0.33252907
2025-06-23 16:00:00,0.5382816
2025-06-23 17:00:00,0.76927555
2025-06-23 18:00:00,0.95220107
2025-06-23 19:00:00,1.0113575
2025-06-23 20:00:00,0.89104867
2025-06-23 21:00:00,0.7324834
2025-06-23 22:00:00,0.5495267
2025-06-23 23:00:00,0.363105
2025-06-24 00:00:00,0.18790874
2025-06-24 01:00:00,0.03904898
2025-06-24 02:00:00,0.0035302981
2025-06-24 03:00:00,0.19104694
2025-06-24 04:00:00,0.4286317
2025-06-24 05:00:00,0.72549295
2025-06-24 06:00:00,1.0084147
2025-06-24 07:00:00,1.2167329
2025-06-24 08:00:00,1.293085
2025-06-24 09:00:00,1.1561599
2025-06-24 10:00:00,0.9739129
2025-06-24 11:00:00,0.7760443
2025-06-24 12:00:00,0.5739089
2025-06-24 13:00:00,0.39057478
2025-06-24 14:00:00,0.2388883
2025-06-24 15:00:00,0.20212266
2025-06-24 16:00:00,0.37613323
2025-06-24 17:00:00,0.5882132
2025-06-24 18:00:00,0.82539284
2025-06-24 19:00:00,1.0092988
2025-06-24 20:00:00,1.0529323
2025-06-24 21:00:00,0.91445804
2025-06-24 22:00:00,0.74890965
2025-06-24 23:00:00,0.5585435
2025-06-25 00:00:00,0.36975646
2025-06-25 01:00:00,0.19264214
2025-06-25 02:00:00,0.047880642
2025-06-25 03:00:00,0.03951588
2025-06-25 04:00:00,0.25810555
2025-06-25 05:00:00,0.51991767
2025-06-25 06:00:00,0.8371594
2025-06-25 07:00:00,1.1264911
2025-06-25 08:00:00,1.3182163
2025-06-25 09:00:00,1.3441863
2025-06-25 10:00:00,1.176104
2025-06-25 11:00:00,0.9868256
2025-06-25 12:00:00,0.77598274
2025-06-25 13:00:00,0.5673131
2025-06-25 14:00:00,0.382586
2025-06-25 15:00:00,0.23402324
2025-06-25 16:00:00,0.226296
2025-06-25 17:00:00,0.42357954
2025-06-25 18:00:00,0.64758646
